tag	mode	nulltype	draw	n_windows
structured_continuous_draw01	continuous	structured	1	3
structured_continuous_draw02	continuous	structured	2	9
structured_continuous_draw03	continuous	structured	3	3
structured_continuous_draw04	continuous	structured	4	9
structured_continuous_draw05	continuous	structured	5	2
structured_continuous_draw06	continuous	structured	6	4
structured_continuous_draw07	continuous	structured	7	0
structured_continuous_draw08	continuous	structured	8	2
structured_continuous_draw09	continuous	structured	9	10
structured_continuous_draw10	continuous	structured	10	4
unstructured_continuous_draw01	continuous	unstructured	1	7
unstructured_continuous_draw02	continuous	unstructured	2	3
unstructured_continuous_draw03	continuous	unstructured	3	8
unstructured_continuous_draw04	continuous	unstructured	4	3
unstructured_continuous_draw05	continuous	unstructured	5	2
unstructured_continuous_draw06	continuous	unstructured	6	2
unstructured_continuous_draw07	continuous	unstructured	7	4
unstructured_continuous_draw08	continuous	unstructured	8	8
unstructured_continuous_draw09	continuous	unstructured	9	7
unstructured_continuous_draw10	continuous	unstructured	10	1
structured_mitoC2_draw01	mitoC2	structured	1	98
structured_mitoC2_draw02	mitoC2	structured	2	114
structured_mitoC2_draw03	mitoC2	structured	3	118
structured_mitoC2_draw04	mitoC2	structured	4	134
structured_mitoC2_draw05	mitoC2	structured	5	104
structured_mitoC2_draw06	mitoC2	structured	6	123
structured_mitoC2_draw07	mitoC2	structured	7	86
structured_mitoC2_draw08	mitoC2	structured	8	100
structured_mitoC2_draw09	mitoC2	structured	9	147
structured_mitoC2_draw10	mitoC2	structured	10	105
unstructured_mitoC2_draw01	mitoC2	unstructured	1	74
unstructured_mitoC2_draw02	mitoC2	unstructured	2	97
unstructured_mitoC2_draw03	mitoC2	unstructured	3	106
unstructured_mitoC2_draw04	mitoC2	unstructured	4	91
unstructured_mitoC2_draw05	mitoC2	unstructured	5	93
unstructured_mitoC2_draw06	mitoC2	unstructured	6	104
unstructured_mitoC2_draw07	mitoC2	unstructured	7	122
unstructured_mitoC2_draw08	mitoC2	unstructured	8	95
unstructured_mitoC2_draw09	mitoC2	unstructured	9	118
unstructured_mitoC2_draw10	mitoC2	unstructured	10	99
