covariate	chr	beg	end	n_null_replicates_hit	n_null_windows_hit	hit_structured	hit_unstructured
PC1	Chr15	8198122	8202296	0	0	0	0
PC1	Chr15	6257807	6260331	0	0	0	0
PC1	Chr2	10008320	10153458	0	0	0	0
PC1	Chr24	1309506	1897725	1	1	0	1
PC1	Chr24	2066649	2108732	0	0	0	0
PC1	Chr5	3824984	3897314	1	1	1	0
PC1	Chr8	6712279	6858332	1	1	1	0
PC2	Chr24	1764859	1842783	0	0	0	0
PC2	Chr26	1967695	1993939	2	2	1	1
PC2	Chr3	14772171	14774019	0	0	0	0
PC2	Chr4	10864650	11008952	0	0	0	0
PC2	Chr5	3040153	3056257	0	0	0	0
PC2	Chr5	2516192	2559046	2	2	0	2
bio6	Chr15	6258434	6260666	0	0	0	0
bio6	Chr15	8198365	8204046	0	0	0	0
bio6	Chr2	10000761	10160752	0	0	0	0
bio6	Chr24	1309506	1905927	1	1	0	1
bio6	Chr24	2065253	2113148	0	0	0	0
bio6	Chr3	13443898	13455884	0	0	0	0
bio6	Chr8	6712279	6854622	1	1	1	0
bio11	Chr12	3900104	3905958	0	0	0	0
bio11	Chr15	6258095	6261055	0	0	0	0
bio11	Chr2	9997717	10155201	0	0	0	0
bio11	Chr21	5037774	5040591	0	0	0	0
bio11	Chr24	2066649	2108584	0	0	0	0
bio11	Chr8	11945376	11947515	0	0	0	0
bio_winter	Chr15	8198365	8204875	0	0	0	0
bio_winter	Chr15	6258434	6260611	0	0	0	0
bio_winter	Chr2	10000761	10157022	0	0	0	0
bio_winter	Chr24	1309506	1963536	1	1	0	1
bio_winter	Chr24	2066649	2108662	0	0	0	0
bio_winter	Chr3	13443898	13455884	0	0	0	0
bio_winter	Chr8	6712279	6853990	1	1	1	0
mitoC2	Chr1	6160897	6213178	3	3	0	3
mitoC2	Chr1	14907313	14952690	0	0	0	0
mitoC2	Chr1	1986914	2001644	0	0	0	0
mitoC2	Chr1	10527009	10534205	0	0	0	0
mitoC2	Chr10	2664586	8455975	10	12	5	5
mitoC2	Chr10	9705724	9709907	0	0	0	0
mitoC2	Chr11	10921225	10942871	0	0	0	0
mitoC2	Chr12	3801445	3835912	2	2	0	2
mitoC2	Chr13	11084586	11111700	1	1	0	1
mitoC2	Chr13	5846411	5885669	5	5	3	2
mitoC2	Chr13	5426578	5454277	0	0	0	0
mitoC2	Chr14	2629712	2648510	0	0	0	0
mitoC2	Chr14	2075724	2087566	0	0	0	0
mitoC2	Chr14	7103442	7113628	1	1	0	1
mitoC2	Chr14	3540411	3546276	0	0	0	0
mitoC2	Chr16	6799463	6895857	3	3	1	2
mitoC2	Chr16	6394074	6448002	3	3	1	2
mitoC2	Chr17	4590548	4723879	4	4	3	1
mitoC2	Chr17	5077811	5098330	1	1	0	1
mitoC2	Chr17	7776309	7789730	0	0	0	0
mitoC2	Chr18	3095702	3143865	0	0	0	0
mitoC2	Chr18	8608090	8640174	1	1	1	0
mitoC2	Chr18	6021767	6025855	0	0	0	0
mitoC2	Chr18	5708791	5725822	0	0	0	0
mitoC2	Chr18	4980114	4996632	1	1	0	1
mitoC2	Chr19	2893685	2902369	0	0	0	0
mitoC2	Chr19	4002938	4009285	1	1	0	1
mitoC2	Chr19	2168007	2284539	0	0	0	0
mitoC2	Chr2	8894713	8956999	1	1	0	1
mitoC2	Chr2	16776033	16790799	0	0	0	0
mitoC2	Chr2	11325800	11331544	0	0	0	0
mitoC2	Chr2	5391507	5396334	1	1	0	1
mitoC2	Chr2	13573803	13598174	0	0	0	0
mitoC2	Chr2	14522230	14524672	0	0	0	0
mitoC2	Chr2	15570572	15575565	0	0	0	0
mitoC2	Chr2	7963571	7967321	0	0	0	0
mitoC2	Chr20	7520557	7532071	0	0	0	0
mitoC2	Chr21	9199777	9268398	0	0	0	0
mitoC2	Chr21	4870629	4875432	1	1	1	0
mitoC2	Chr21	6759369	6765929	0	0	0	0
mitoC2	Chr21	9457050	9463886	0	0	0	0
mitoC2	Chr21	7122800	7130974	1	1	0	1
mitoC2	Chr24	1312205	1716332	8	8	5	3
mitoC2	Chr24	3075680	3154009	2	2	1	1
mitoC2	Chr24	2986192	3006528	0	0	0	0
mitoC2	Chr24	2753437	2761140	0	0	0	0
mitoC2	Chr24	2966348	2979827	1	1	0	1
mitoC2	Chr24	4397451	4403023	0	0	0	0
mitoC2	Chr25	10577058	10637910	3	3	3	0
mitoC2	Chr25	10903414	10923509	2	2	1	1
mitoC2	Chr25	12136305	12149003	1	1	1	0
mitoC2	Chr25	10307051	10315922	0	0	0	0
mitoC2	Chr25	13051801	13084546	1	1	1	0
mitoC2	Chr26	1599550	5850246	11	18	7	4
mitoC2	Chr26	7088200	7205886	2	2	0	2
mitoC2	Chr26	8917904	8936177	1	1	0	1
mitoC2	Chr27	3317595	3327702	1	1	0	1
mitoC2	Chr27	3870886	3900194	0	0	0	0
mitoC2	Chr3	10848152	10878315	1	1	0	1
mitoC2	Chr3	3788615	3823111	5	5	2	3
mitoC2	Chr3	6280692	6349773	5	5	4	1
mitoC2	Chr3	3533513	3550832	0	0	0	0
mitoC2	Chr3	365903	378645	1	1	1	0
mitoC2	Chr3	3922767	3928779	0	0	0	0
mitoC2	Chr3	13990058	13995498	1	1	0	1
mitoC2	Chr4	1037123	4051469	1	2	0	1
mitoC2	Chr4	5006346	5115419	2	2	2	0
mitoC2	Chr4	16087379	16110827	3	3	2	1
mitoC2	Chr4	13880512	13895015	0	0	0	0
mitoC2	Chr4	4087298	4161574	1	1	0	1
mitoC2	Chr4	16398791	16420383	0	0	0	0
mitoC2	Chr4	8061831	8071133	0	0	0	0
mitoC2	Chr4	14913387	14922510	0	0	0	0
mitoC2	Chr5	12936798	12956752	0	0	0	0
mitoC2	Chr5	5327011	5507949	2	2	2	0
mitoC2	Chr5	13260827	13265412	0	0	0	0
mitoC2	Chr5	10539261	10543906	1	1	1	0
mitoC2	Chr6	9476934	9483043	0	0	0	0
mitoC2	Chr6	2963415	2969649	0	0	0	0
mitoC2	Chr6	7274273	7306221	0	0	0	0
mitoC2	Chr7	10186389	10195350	1	1	0	1
mitoC2	Chr7	10672412	10722786	2	2	1	1
mitoC2	Chr7	5302701	5310719	0	0	0	0
mitoC2	Chr7	8354995	8357318	1	1	0	1
mitoC2	Chr7	8199818	8204365	1	1	1	0
mitoC2	Chr7	6915771	6920504	0	0	0	0
mitoC2	Chr7	8033779	8037961	0	0	0	0
mitoC2	Chr7	7176224	7214165	1	1	0	1
mitoC2	Chr8	6549774	6665080	4	4	4	0
mitoC2	Chr8	9147299	9157224	0	0	0	0
mitoC2	Chr8	10902808	10915079	1	1	1	0
mitoC2	Chr9	7148194	7200874	6	6	5	1
mitoC2	Chr9	2588656	2633740	5	5	2	3
mitoC2	Chr9	9051866	9076311	1	1	0	1
mitoC2	Chr9	9975576	9987713	0	0	0	0
