chr	beg	end	size	nsnps	Lindley score peak pos.	Lindley score peak value	BF (dB) peak pos	BF (dB) peak value	covariate	-log10(p-val) peak pos	-log10(p-val) peak value
Chr15	8198122	8202296	4174	26	8198885	7.65811790598764	8201072	6.27842944	PC1		
Chr15	6257807	6260331	2524	24	6258697	7.43539552309237	6258095	3.32819043	PC1		
Chr2	10008320	10153458	145138	339	10100307	56.0273522645337	10054302	8.53985967	PC1		
Chr24	1309506	1897725	588219	1132	1673970	453.038090506439	1749178	16.76320348	PC1		
Chr24	2066649	2108732	42083	44	2079166	8.26709177870305	2076877	3.82890321	PC1		
Chr5	3824984	3897314	72330	91	3862715	8.18761961476286	3840019	18.29462237	PC1		
Chr8	6712279	6858332	146053	433	6757711	127.357949878684	6829538	14.39941407	PC1		
Chr24	1764859	1842783	77924	208	1794688	60.3527452173621	1820399	10.72383788	PC2		
Chr26	1967695	1993939	26244	91	1974718	12.1180919990869	1985557	7.96601884	PC2		
Chr3	14772171	14774019	1848	18	14772818	7.38925842505097	14774019	-0.34685987	PC2		
Chr4	10864650	11008952	144302	68	10998528	9.96797761340794	10980380	8.03486156	PC2		
Chr5	3040153	3056257	16104	25	3041357	10.254065123	3055273	0.49422037	PC2		
Chr5	2516192	2559046	42854	63	2547586	8.13437468034759	2558267	14.94328537	PC2		
Chr15	6258434	6260666	2232	28	6258676	9.446736618	6259279	5.7868859	bio6		
Chr15	8198365	8204046	5681	29	8198702	8.608339211	8202012	7.55971758	bio6		
Chr2	10000761	10160752	159991	408	10098891	77.3826882667502	10049073	9.82248042	bio6		
Chr24	1309506	1905927	596421	1164	1674646	474.718729903984	1766114	17.85801553	bio6		
Chr24	2065253	2113148	47895	54	2082683	13.683885246342	2106886	6.21220361	bio6		
Chr3	13443898	13455884	11986	37	13447895	10.1051984712853	13454854	4.42364979	bio6		
Chr8	6712279	6854622	142343	419	6757711	124.686336212789	6751647	14.61500012	bio6		
Chr12	3900104	3905958	5854	23	3902569	7.03255437544448	3902569	5.83830282	bio11		
Chr15	6258095	6261055	2960	34	6258697	9.96225078739798	6260611	4.63352493	bio11		
Chr2	9997717	10155201	157484	378	10098891	70.9252928643584	10101150	10.96562018	bio11		
Chr21	5037774	5040591	2817	24	5038901	6.438000463	5039979	5.8500278	bio11		
Chr24	2066649	2108584	41935	43	2081424	8.19566521408359	2066708	8.55516322	bio11		
Chr8	11945376	11947515	2139	23	11945416	7.075920612	11945396	2.61586306	bio11		
Chr15	8198365	8204875	6510	34	8198702	9.375861806	8204298	6.16803433	bio_winter		
Chr15	6258434	6260611	2177	25	6258676	8.348845402	6258584	1.16127383	bio_winter		
Chr2	10000761	10157022	156261	372	10098891	66.4098167960947	10049960	10.01199774	bio_winter		
Chr24	1309506	1963536	654030	1350	1673970	551.024912674771	1955848	16.08257814	bio_winter		
Chr24	2066649	2108662	42013	44	2082683	9.33196082889182	2078207	6.21322442	bio_winter		
Chr3	13443898	13455884	11986	37	13448110	9.98395831753157	13452335	19.38230052	bio_winter		
Chr8	6712279	6853990	141711	409	6766121	101.40995063203	6747279	13.59473991	bio_winter		
Chr1	6160897	6213178	52281	264	6184427	38.24436411			mitoC2	6163649	3.07246868
Chr1	14907313	14952690	45377	106	14936401	17.76028604			mitoC2	14917671	3.33447513
Chr1	1986914	2001644	14730	75	1990011	12.7424863			mitoC2	1987126	3.69864808
Chr1	10527009	10534205	7196	37	10529893	9.94733278			mitoC2	10529209	4.16806861
Chr10	2664586	8455975	5791389	9772	4867912	1824.08915145			mitoC2	4475661	3.17268409
Chr10	9705724	9709907	4183	52	9708150	12.26793267			mitoC2	9708098	3.2133481
Chr11	10921225	10942871	21646	220	10923797	76.90127352			mitoC2	10923430	3.03401288
Chr12	3801445	3835912	34467	165	3820301	25.06686487			mitoC2	3803695	3.91429227
Chr13	11084586	11111700	27114	83	11091689	10.89735276			mitoC2	11099316	2.5338781
Chr13	5846411	5885669	39258	73	5867771	9.17847576			mitoC2	5879760	2.30204354
Chr13	5426578	5454277	27699	64	5443413	9.12207913			mitoC2	5439229	2.64049096
Chr14	2629712	2648510	18798	82	2639268	17.82720578			mitoC2	2632306	3.82805413
Chr14	2075724	2087566	11842	33	2079575	12.46942382			mitoC2	2077893	3.2257841
Chr14	7103442	7113628	10186	37	7105602	9.9406446			mitoC2	7105440	3.80157483
Chr14	3540411	3546276	5865	28	3541955	8.59379856			mitoC2	3541233	2.98880889
Chr16	6799463	6895857	96394	234	6826847	21.04318347			mitoC2	6868153	2.82801327
Chr16	6394074	6448002	53928	287	6433433	20.01258991			mitoC2	6435885	2.59945679
Chr17	4590548	4723879	133331	334	4709347	34.06944176			mitoC2	4698148	2.38662895
Chr17	5077811	5098330	20519	102	5087068	23.17713397			mitoC2	5087068	3.41382109
Chr17	7776309	7789730	13421	47	7787586	8.26120798			mitoC2	7780908	3.10775316
Chr18	3095702	3143865	48163	120	3131533	26.54606037			mitoC2	3110554	2.86423173
Chr18	8608090	8640174	32084	110	8617495	10.93225193			mitoC2	8627720	2.63046294
Chr18	6021767	6025855	4088	39	6022555	10.55410508			mitoC2	6022364	3.06039716
Chr18	5708791	5725822	17031	40	5715436	8.98924499			mitoC2	5709590	3.3964829
Chr18	4980114	4996632	16518	61	4989800	8.69573432			mitoC2	4988644	2.40888134
Chr19	2893685	2902369	8684	68	2897717	19.30796384			mitoC2	2896639	4.21632288
Chr19	4002938	4009285	6347	47	4004315	9.79716905			mitoC2	4004103	2.41967445
Chr19	2168007	2284539	116532	160	2184769	9.50818789			mitoC2	2168840	1.96009641
Chr2	8894713	8956999	62286	104	8912334	24.81193029			mitoC2	8906102	3.63445995
Chr2	16776033	16790799	14766	123	16785756	16.76211789			mitoC2	16781333	3.42500386
Chr2	11325800	11331544	5744	31	11327944	11.84388248			mitoC2	11327625	4.37784647
Chr2	5391507	5396334	4827	31	5391780	11.04469145			mitoC2	5391764	2.42760206
Chr2	13573803	13598174	24371	77	13588553	10.16381424			mitoC2	13583976	2.9770075
Chr2	14522230	14524672	2442	27	14522811	10.07708629			mitoC2	14522498	5.24267787
Chr2	15570572	15575565	4993	32	15572199	9.06770658			mitoC2	15571901	2.52617427
Chr2	7963571	7967321	3750	26	7964191	9.03300528			mitoC2	7963698	3.38332967
Chr20	7520557	7532071	11514	66	7527481	11.66287126			mitoC2	7526772	3.16147171
Chr21	9199777	9268398	68621	107	9238184	22.9854426			mitoC2	9215576	3.41906728
Chr21	4870629	4875432	4803	58	4873750	10.14684735			mitoC2	4873216	2.88231712
Chr21	6759369	6765929	6560	47	6762309	8.89138647			mitoC2	6763210	3.67103928
Chr21	9457050	9463886	6836	31	9460331	8.19907078			mitoC2	9457569	3.84005856
Chr21	7122800	7130974	8174	45	7125082	8.05594455			mitoC2	7124138	2.70229768
Chr24	1312205	1716332	404127	499	1627925	109.74893156			mitoC2	1672827	2.6933024
Chr24	3075680	3154009	78329	126	3115279	18.69624095			mitoC2	3107151	3.23101833
Chr24	2986192	3006528	20336	70	2996383	16.09031395			mitoC2	2993331	2.86062564
Chr24	2753437	2761140	7703	39	2756284	12.67164479			mitoC2	2753967	2.93186687
Chr24	2966348	2979827	13479	56	2975345	10.37720398			mitoC2	2966349	3.81260259
Chr24	4397451	4403023	5572	31	4399504	7.95851889			mitoC2	4399504	2.36018373
Chr25	10577058	10637910	60852	238	10599618	41.75572807			mitoC2	10625670	3.8123128
Chr25	10903414	10923509	20095	70	10915956	19.53589303			mitoC2	10907865	3.31168622
Chr25	12136305	12149003	12698	47	12145269	10.33650703			mitoC2	12138577	2.04069246
Chr25	10307051	10315922	8871	65	10310509	9.98185834			mitoC2	10308515	3.01577008
Chr25	13051801	13084546	32745	72	13059584	8.08157516			mitoC2	13058359	2.95411982
Chr26	1599550	5850246	4250696	6250	4764500	561.31559972			mitoC2	4378071	3.7712975
Chr26	7088200	7205886	117686	196	7112211	37.82772639			mitoC2	7109540	5.76215562
Chr26	8917904	8936177	18273	64	8928659	12.61002403			mitoC2	8921174	2.64941956
Chr27	3317595	3327702	10107	52	3323171	16.53070778			mitoC2	3318440	3.37691277
Chr27	3870886	3900194	29308	48	3888716	15.36341755			mitoC2	3886130	3.19032444
Chr3	10848152	10878315	30163	154	10860313	35.63726414			mitoC2	10853289	2.87431251
Chr3	3788615	3823111	34496	98	3800311	30.14854698			mitoC2	3793502	2.87945503
Chr3	6280692	6349773	69081	178	6307463	17.87872748			mitoC2	6307463	2.05930324
Chr3	3533513	3550832	17319	43	3533997	13.77381113			mitoC2	3533667	2.60562764
Chr3	365903	378645	12742	53	372127	12.54519942			mitoC2	365951	2.99670196
Chr3	3922767	3928779	6012	42	3924121	9.85567232			mitoC2	3923962	2.14583651
Chr3	13990058	13995498	5440	29	13992884	9.31024215			mitoC2	13991248	3.71749373
Chr4	1037123	4051469	3014346	1449	3834080	49.31747535			mitoC2	3650594	2.84522762
Chr4	5006346	5115419	109073	251	5094859	27.43033457			mitoC2	5109724	2.70473665
Chr4	16087379	16110827	23448	70	16094085	25.88018781			mitoC2	16094085	2.74404191
Chr4	13880512	13895015	14503	57	13889038	17.52647996			mitoC2	13883828	4.00672836
Chr4	4087298	4161574	74276	227	4134450	17.40258872			mitoC2	4155378	2.65098228
Chr4	16398791	16420383	21592	94	16407035	16.75871262			mitoC2	16399648	3.56957017
Chr4	8061831	8071133	9302	43	8066722	10.2673396			mitoC2	8065141	2.76553313
Chr4	14913387	14922510	9123	35	14914364	9.20500439			mitoC2	14913590	3.5173239
Chr5	12936798	12956752	19954	37	12943007	11.63494098			mitoC2	12937851	5.07120951
Chr5	5327011	5507949	180938	60	5337699	11.38170709			mitoC2	5333069	1.93224525
Chr5	13260827	13265412	4585	31	13261843	9.66240573			mitoC2	13261686	2.13128399
Chr5	10539261	10543906	4645	24	10539635	9.04211669			mitoC2	10539524	2.65289904
Chr6	9476934	9483043	6109	41	9479650	9.61537319			mitoC2	9479650	2.26183742
Chr6	2963415	2969649	6234	37	2963968	8.82762866			mitoC2	2963655	3.48123205
Chr6	7274273	7306221	31948	29	7284102	8.76247392			mitoC2	7277123	3.48204767
Chr7	10186389	10195350	8961	67	10188222	22.45350899			mitoC2	10187233	3.2818257
Chr7	10672412	10722786	50374	196	10706098	19.23445974			mitoC2	10675090	3.9356624
Chr7	5302701	5310719	8018	46	5303599	19.17885277			mitoC2	5303409	4.94213395
Chr7	8354995	8357318	2323	31	8355438	11.73168807			mitoC2	8355423	3.91830346
Chr7	8199818	8204365	4547	42	8200592	10.50169503			mitoC2	8200019	2.76669809
Chr7	6915771	6920504	4733	31	6916644	10.49183899			mitoC2	6916644	3.63956279
Chr7	8033779	8037961	4182	31	8034778	10.10411858			mitoC2	8033993	2.87179613
Chr7	7176224	7214165	37941	74	7201226	9.35961578			mitoC2	7200398	3.18905747
Chr8	6549774	6665080	115306	227	6616356	22.95589694			mitoC2	6593979	2.00022123
Chr8	9147299	9157224	9925	37	9150740	13.09371601			mitoC2	9148074	3.94691396
Chr8	10902808	10915079	12271	66	10909916	9.12280123			mitoC2	10903743	2.85446639
Chr9	7148194	7200874	52680	219	7178001	55.89293405			mitoC2	7169035	3.0938149
Chr9	2588656	2633740	45084	128	2622659	25.2877581			mitoC2	2622605	2.95380824
Chr9	9051866	9076311	24445	80	9059357	16.32874733			mitoC2	9052575	3.05001896
Chr9	9975576	9987713	12137	38	9981545	10.88589604			mitoC2	9975798	2.64885119
