observed_covariate	observed_chr	observed_beg	observed_end	null_mode	null_nulltype	null_draw	null_chr	null_beg	null_end
PC1	Chr15	8198122	8202296	mitoC2	unstructured	5	Chr15	8180235	8227106
PC1	Chr2	10008320	10153458	mitoC2	structured	6	Chr2	10001950	10210423
PC1	Chr2	10008320	10153458	mitoC2	unstructured	3	Chr2	10071071	10161792
PC1	Chr2	10008320	10153458	mitoC2	unstructured	8	Chr2	10141739	10149562
PC1	Chr24	1309506	1897725	mitoC2	structured	1	Chr24	1313621	1334031
PC1	Chr24	1309506	1897725	mitoC2	structured	2	Chr24	1626045	1673586
PC1	Chr24	1309506	1897725	mitoC2	structured	3	Chr24	1760860	1878382
PC1	Chr24	1309506	1897725	mitoC2	structured	4	Chr24	1330799	1824968
PC1	Chr24	1309506	1897725	mitoC2	structured	5	Chr24	1764859	1843011
PC1	Chr24	1309506	1897725	mitoC2	structured	6	Chr24	1760860	1886247
PC1	Chr24	1309506	1897725	mitoC2	structured	6	Chr24	1313621	1334512
PC1	Chr24	1309506	1897725	mitoC2	structured	9	Chr24	1334031	1659207
PC1	Chr24	1309506	1897725	continuous	unstructured	4	Chr24	1328382	1678201
PC1	Chr24	1309506	1897725	mitoC2	unstructured	4	Chr24	1313621	1825183
PC1	Chr24	1309506	1897725	mitoC2	unstructured	5	Chr24	1334031	1690284
PC1	Chr24	1309506	1897725	mitoC2	unstructured	8	Chr24	1766714	1786151
PC1	Chr24	1309506	1897725	mitoC2	unstructured	10	Chr24	1309098	1961583
PC1	Chr24	2066649	2108732	mitoC2	structured	6	Chr24	2066649	2108732
PC1	Chr24	2066649	2108732	mitoC2	structured	8	Chr24	2043118	2082637
PC1	Chr24	2066649	2108732	mitoC2	structured	10	Chr24	2066649	2116703
PC1	Chr24	2066649	2108732	mitoC2	unstructured	1	Chr24	2002276	2129570
PC1	Chr24	2066649	2108732	mitoC2	unstructured	2	Chr24	2034978	2081949
PC1	Chr24	2066649	2108732	mitoC2	unstructured	8	Chr24	1984086	2108584
PC1	Chr5	3824984	3897314	continuous	structured	6	Chr5	3817251	4050500
PC1	Chr5	3824984	3897314	mitoC2	structured	1	Chr5	3834859	3995910
PC1	Chr5	3824984	3897314	mitoC2	structured	6	Chr5	3159450	5136653
PC1	Chr5	3824984	3897314	mitoC2	unstructured	6	Chr5	2953066	5011599
PC1	Chr8	6712279	6858332	continuous	structured	6	Chr8	6712279	6789088
PC1	Chr8	6712279	6858332	mitoC2	structured	1	Chr8	6711613	6769272
PC1	Chr8	6712279	6858332	mitoC2	structured	2	Chr8	6257721	6713050
PC1	Chr8	6712279	6858332	mitoC2	structured	3	Chr8	861273	7861386
PC1	Chr8	6712279	6858332	mitoC2	structured	5	Chr8	6498299	6714483
PC1	Chr8	6712279	6858332	mitoC2	structured	6	Chr8	6685724	7062851
PC1	Chr8	6712279	6858332	mitoC2	structured	9	Chr8	6257721	6865186
PC1	Chr8	6712279	6858332	mitoC2	unstructured	3	Chr8	6807206	6873908
PC1	Chr8	6712279	6858332	mitoC2	unstructured	9	Chr8	6761083	6812789
PC2	Chr24	1764859	1842783	mitoC2	structured	3	Chr24	1760860	1878382
PC2	Chr24	1764859	1842783	mitoC2	structured	4	Chr24	1330799	1824968
PC2	Chr24	1764859	1842783	mitoC2	structured	5	Chr24	1764859	1843011
PC2	Chr24	1764859	1842783	mitoC2	structured	6	Chr24	1760860	1886247
PC2	Chr24	1764859	1842783	mitoC2	unstructured	4	Chr24	1313621	1825183
PC2	Chr24	1764859	1842783	mitoC2	unstructured	8	Chr24	1766714	1786151
PC2	Chr24	1764859	1842783	mitoC2	unstructured	10	Chr24	1309098	1961583
PC2	Chr26	1967695	1993939	continuous	structured	2	Chr26	1622631	2276747
PC2	Chr26	1967695	1993939	mitoC2	structured	2	Chr26	1599550	2421060
PC2	Chr26	1967695	1993939	mitoC2	structured	3	Chr26	1546588	7026295
PC2	Chr26	1967695	1993939	mitoC2	structured	5	Chr26	1588145	5063372
PC2	Chr26	1967695	1993939	continuous	unstructured	9	Chr26	1627291	2163680
PC2	Chr4	10864650	11008952	mitoC2	structured	4	Chr4	10827644	11031820
PC2	Chr4	10864650	11008952	mitoC2	unstructured	5	Chr4	10825877	11043170
PC2	Chr4	10864650	11008952	mitoC2	unstructured	10	Chr4	10841665	11019533
PC2	Chr5	3040153	3056257	mitoC2	structured	6	Chr5	3036692	3147310
PC2	Chr5	3040153	3056257	mitoC2	unstructured	6	Chr5	2953066	5011599
PC2	Chr5	2516192	2559046	continuous	unstructured	1	Chr5	2515862	2582567
PC2	Chr5	2516192	2559046	continuous	unstructured	9	Chr5	2517241	2558829
PC2	Chr5	2516192	2559046	mitoC2	unstructured	1	Chr5	2515862	2562625
bio6	Chr15	8198365	8204046	mitoC2	unstructured	5	Chr15	8180235	8227106
bio6	Chr2	10000761	10160752	mitoC2	structured	6	Chr2	10001950	10210423
bio6	Chr2	10000761	10160752	mitoC2	unstructured	3	Chr2	10071071	10161792
bio6	Chr2	10000761	10160752	mitoC2	unstructured	8	Chr2	10141739	10149562
bio6	Chr24	1309506	1905927	mitoC2	structured	1	Chr24	1313621	1334031
bio6	Chr24	1309506	1905927	mitoC2	structured	2	Chr24	1626045	1673586
bio6	Chr24	1309506	1905927	mitoC2	structured	3	Chr24	1760860	1878382
bio6	Chr24	1309506	1905927	mitoC2	structured	4	Chr24	1330799	1824968
bio6	Chr24	1309506	1905927	mitoC2	structured	5	Chr24	1764859	1843011
bio6	Chr24	1309506	1905927	mitoC2	structured	6	Chr24	1760860	1886247
bio6	Chr24	1309506	1905927	mitoC2	structured	6	Chr24	1313621	1334512
bio6	Chr24	1309506	1905927	mitoC2	structured	9	Chr24	1334031	1659207
bio6	Chr24	1309506	1905927	continuous	unstructured	4	Chr24	1328382	1678201
bio6	Chr24	1309506	1905927	mitoC2	unstructured	4	Chr24	1313621	1825183
bio6	Chr24	1309506	1905927	mitoC2	unstructured	5	Chr24	1334031	1690284
bio6	Chr24	1309506	1905927	mitoC2	unstructured	8	Chr24	1766714	1786151
bio6	Chr24	1309506	1905927	mitoC2	unstructured	10	Chr24	1309098	1961583
bio6	Chr24	2065253	2113148	mitoC2	structured	6	Chr24	2066649	2108732
bio6	Chr24	2065253	2113148	mitoC2	structured	8	Chr24	2043118	2082637
bio6	Chr24	2065253	2113148	mitoC2	structured	10	Chr24	2066649	2116703
bio6	Chr24	2065253	2113148	mitoC2	unstructured	1	Chr24	2002276	2129570
bio6	Chr24	2065253	2113148	mitoC2	unstructured	2	Chr24	2034978	2081949
bio6	Chr24	2065253	2113148	mitoC2	unstructured	8	Chr24	1984086	2108584
bio6	Chr3	13443898	13455884	mitoC2	structured	6	Chr3	13442955	13456431
bio6	Chr8	6712279	6854622	continuous	structured	6	Chr8	6712279	6789088
bio6	Chr8	6712279	6854622	mitoC2	structured	1	Chr8	6711613	6769272
bio6	Chr8	6712279	6854622	mitoC2	structured	2	Chr8	6257721	6713050
bio6	Chr8	6712279	6854622	mitoC2	structured	3	Chr8	861273	7861386
bio6	Chr8	6712279	6854622	mitoC2	structured	5	Chr8	6498299	6714483
bio6	Chr8	6712279	6854622	mitoC2	structured	6	Chr8	6685724	7062851
bio6	Chr8	6712279	6854622	mitoC2	structured	9	Chr8	6257721	6865186
bio6	Chr8	6712279	6854622	mitoC2	unstructured	3	Chr8	6807206	6873908
bio6	Chr8	6712279	6854622	mitoC2	unstructured	9	Chr8	6761083	6812789
bio11	Chr12	3900104	3905958	mitoC2	structured	1	Chr12	3855231	3907608
bio11	Chr12	3900104	3905958	mitoC2	structured	4	Chr12	3897249	3915840
bio11	Chr2	9997717	10155201	mitoC2	structured	6	Chr2	10001950	10210423
bio11	Chr2	9997717	10155201	mitoC2	unstructured	3	Chr2	10071071	10161792
bio11	Chr2	9997717	10155201	mitoC2	unstructured	5	Chr2	9970818	9998285
bio11	Chr2	9997717	10155201	mitoC2	unstructured	8	Chr2	10141739	10149562
bio11	Chr24	2066649	2108584	mitoC2	structured	6	Chr24	2066649	2108732
bio11	Chr24	2066649	2108584	mitoC2	structured	8	Chr24	2043118	2082637
bio11	Chr24	2066649	2108584	mitoC2	structured	10	Chr24	2066649	2116703
bio11	Chr24	2066649	2108584	mitoC2	unstructured	1	Chr24	2002276	2129570
bio11	Chr24	2066649	2108584	mitoC2	unstructured	2	Chr24	2034978	2081949
bio11	Chr24	2066649	2108584	mitoC2	unstructured	8	Chr24	1984086	2108584
bio11	Chr8	11945376	11947515	mitoC2	unstructured	10	Chr8	11945366	11947889
bio_winter	Chr15	8198365	8204875	mitoC2	unstructured	5	Chr15	8180235	8227106
bio_winter	Chr2	10000761	10157022	mitoC2	structured	6	Chr2	10001950	10210423
bio_winter	Chr2	10000761	10157022	mitoC2	unstructured	3	Chr2	10071071	10161792
bio_winter	Chr2	10000761	10157022	mitoC2	unstructured	8	Chr2	10141739	10149562
bio_winter	Chr24	1309506	1963536	mitoC2	structured	1	Chr24	1313621	1334031
bio_winter	Chr24	1309506	1963536	mitoC2	structured	2	Chr24	1626045	1673586
bio_winter	Chr24	1309506	1963536	mitoC2	structured	3	Chr24	1760860	1878382
bio_winter	Chr24	1309506	1963536	mitoC2	structured	4	Chr24	1330799	1824968
bio_winter	Chr24	1309506	1963536	mitoC2	structured	5	Chr24	1764859	1843011
bio_winter	Chr24	1309506	1963536	mitoC2	structured	6	Chr24	1760860	1886247
bio_winter	Chr24	1309506	1963536	mitoC2	structured	6	Chr24	1313621	1334512
bio_winter	Chr24	1309506	1963536	mitoC2	structured	8	Chr24	1916861	1922482
bio_winter	Chr24	1309506	1963536	mitoC2	structured	9	Chr24	1334031	1659207
bio_winter	Chr24	1309506	1963536	continuous	unstructured	4	Chr24	1328382	1678201
bio_winter	Chr24	1309506	1963536	mitoC2	unstructured	2	Chr24	1916861	1927818
bio_winter	Chr24	1309506	1963536	mitoC2	unstructured	4	Chr24	1313621	1825183
bio_winter	Chr24	1309506	1963536	mitoC2	unstructured	5	Chr24	1334031	1690284
bio_winter	Chr24	1309506	1963536	mitoC2	unstructured	8	Chr24	1766714	1786151
bio_winter	Chr24	1309506	1963536	mitoC2	unstructured	10	Chr24	1309098	1961583
bio_winter	Chr24	2066649	2108662	mitoC2	structured	6	Chr24	2066649	2108732
bio_winter	Chr24	2066649	2108662	mitoC2	structured	8	Chr24	2043118	2082637
bio_winter	Chr24	2066649	2108662	mitoC2	structured	10	Chr24	2066649	2116703
bio_winter	Chr24	2066649	2108662	mitoC2	unstructured	1	Chr24	2002276	2129570
bio_winter	Chr24	2066649	2108662	mitoC2	unstructured	2	Chr24	2034978	2081949
bio_winter	Chr24	2066649	2108662	mitoC2	unstructured	8	Chr24	1984086	2108584
bio_winter	Chr3	13443898	13455884	mitoC2	structured	6	Chr3	13442955	13456431
bio_winter	Chr8	6712279	6853990	continuous	structured	6	Chr8	6712279	6789088
bio_winter	Chr8	6712279	6853990	mitoC2	structured	1	Chr8	6711613	6769272
bio_winter	Chr8	6712279	6853990	mitoC2	structured	2	Chr8	6257721	6713050
bio_winter	Chr8	6712279	6853990	mitoC2	structured	3	Chr8	861273	7861386
bio_winter	Chr8	6712279	6853990	mitoC2	structured	5	Chr8	6498299	6714483
bio_winter	Chr8	6712279	6853990	mitoC2	structured	6	Chr8	6685724	7062851
bio_winter	Chr8	6712279	6853990	mitoC2	structured	9	Chr8	6257721	6865186
bio_winter	Chr8	6712279	6853990	mitoC2	unstructured	3	Chr8	6807206	6873908
bio_winter	Chr8	6712279	6853990	mitoC2	unstructured	9	Chr8	6761083	6812789
mitoC2	Chr1	6160897	6213178	mitoC2	unstructured	6	Chr1	6210007	6225647
mitoC2	Chr1	6160897	6213178	mitoC2	unstructured	7	Chr1	6159679	6184886
mitoC2	Chr1	6160897	6213178	mitoC2	unstructured	10	Chr1	6173373	6228819
mitoC2	Chr10	2664586	8455975	mitoC2	structured	1	Chr10	7841958	7861001
mitoC2	Chr10	2664586	8455975	mitoC2	structured	3	Chr10	8131398	8174457
mitoC2	Chr10	2664586	8455975	mitoC2	structured	5	Chr10	8048498	8069990
mitoC2	Chr10	2664586	8455975	mitoC2	structured	5	Chr10	8187043	8233995
mitoC2	Chr10	2664586	8455975	mitoC2	structured	5	Chr10	8243617	8256482
mitoC2	Chr10	2664586	8455975	mitoC2	structured	6	Chr10	8226114	8236873
mitoC2	Chr10	2664586	8455975	mitoC2	structured	9	Chr10	5950712	5979218
mitoC2	Chr10	2664586	8455975	mitoC2	unstructured	2	Chr10	7407650	7826184
mitoC2	Chr10	2664586	8455975	mitoC2	unstructured	5	Chr10	2675522	3042411
mitoC2	Chr10	2664586	8455975	mitoC2	unstructured	7	Chr10	2669515	3048237
mitoC2	Chr10	2664586	8455975	mitoC2	unstructured	8	Chr10	6056669	7871196
mitoC2	Chr10	2664586	8455975	mitoC2	unstructured	9	Chr10	2496965	8803119
mitoC2	Chr12	3801445	3835912	mitoC2	unstructured	7	Chr12	3783713	3817568
mitoC2	Chr12	3801445	3835912	mitoC2	unstructured	10	Chr12	3790950	3805375
mitoC2	Chr13	11084586	11111700	mitoC2	unstructured	4	Chr13	11084586	11141921
mitoC2	Chr13	5846411	5885669	mitoC2	structured	4	Chr13	5867708	5893606
mitoC2	Chr13	5846411	5885669	mitoC2	structured	5	Chr13	5834992	5950080
mitoC2	Chr13	5846411	5885669	mitoC2	structured	6	Chr13	5838887	5940718
mitoC2	Chr13	5846411	5885669	mitoC2	unstructured	5	Chr13	5879760	5893606
mitoC2	Chr13	5846411	5885669	mitoC2	unstructured	6	Chr13	5831270	5867708
mitoC2	Chr14	7103442	7113628	mitoC2	unstructured	5	Chr14	7082579	7105462
mitoC2	Chr16	6799463	6895857	mitoC2	structured	2	Chr16	6764078	6930194
mitoC2	Chr16	6799463	6895857	mitoC2	unstructured	3	Chr16	6764939	6900728
mitoC2	Chr16	6799463	6895857	mitoC2	unstructured	8	Chr16	6764719	6841433
mitoC2	Chr16	6394074	6448002	mitoC2	structured	3	Chr16	6420559	6487012
mitoC2	Chr16	6394074	6448002	mitoC2	unstructured	3	Chr16	6410731	6425317
mitoC2	Chr16	6394074	6448002	mitoC2	unstructured	6	Chr16	6420138	6482937
mitoC2	Chr17	4590548	4723879	mitoC2	structured	2	Chr17	4590548	4722910
mitoC2	Chr17	4590548	4723879	mitoC2	structured	5	Chr17	4590548	4739303
mitoC2	Chr17	4590548	4723879	mitoC2	structured	9	Chr17	3161207	4897330
mitoC2	Chr17	4590548	4723879	mitoC2	unstructured	4	Chr17	4590548	4792988
mitoC2	Chr17	5077811	5098330	mitoC2	unstructured	7	Chr17	5097083	5113969
mitoC2	Chr18	3095702	3143865	continuous	unstructured	6	Chr18	3126736	3138477
mitoC2	Chr18	8608090	8640174	mitoC2	structured	2	Chr18	8598662	8640174
mitoC2	Chr18	4980114	4996632	mitoC2	unstructured	4	Chr18	4979856	5009097
mitoC2	Chr19	4002938	4009285	mitoC2	unstructured	4	Chr19	4002938	4008060
mitoC2	Chr2	8894713	8956999	mitoC2	unstructured	1	Chr2	8890801	8906420
mitoC2	Chr2	16776033	16790799	continuous	structured	5	Chr2	16776456	16781641
mitoC2	Chr2	5391507	5396334	mitoC2	unstructured	7	Chr2	5391507	5395032
mitoC2	Chr21	4870629	4875432	mitoC2	structured	3	Chr21	4873995	4876686
mitoC2	Chr21	7122800	7130974	mitoC2	unstructured	7	Chr21	7122939	7130153
mitoC2	Chr24	1312205	1716332	mitoC2	structured	1	Chr24	1313621	1334031
mitoC2	Chr24	1312205	1716332	mitoC2	structured	2	Chr24	1626045	1673586
mitoC2	Chr24	1312205	1716332	mitoC2	structured	4	Chr24	1330799	1824968
mitoC2	Chr24	1312205	1716332	mitoC2	structured	6	Chr24	1313621	1334512
mitoC2	Chr24	1312205	1716332	mitoC2	structured	9	Chr24	1334031	1659207
mitoC2	Chr24	1312205	1716332	continuous	unstructured	4	Chr24	1328382	1678201
mitoC2	Chr24	1312205	1716332	mitoC2	unstructured	4	Chr24	1313621	1825183
mitoC2	Chr24	1312205	1716332	mitoC2	unstructured	5	Chr24	1334031	1690284
mitoC2	Chr24	1312205	1716332	mitoC2	unstructured	10	Chr24	1309098	1961583
mitoC2	Chr24	3075680	3154009	mitoC2	structured	6	Chr24	3079960	3169331
mitoC2	Chr24	3075680	3154009	mitoC2	unstructured	3	Chr24	3152507	3161491
mitoC2	Chr24	2966348	2979827	mitoC2	unstructured	5	Chr24	2974227	2979296
mitoC2	Chr25	10577058	10637910	mitoC2	structured	5	Chr25	10602622	10608702
mitoC2	Chr25	10577058	10637910	mitoC2	structured	8	Chr25	10557388	10611806
mitoC2	Chr25	10577058	10637910	mitoC2	structured	9	Chr25	10561508	10607595
mitoC2	Chr25	10903414	10923509	mitoC2	structured	4	Chr25	10901450	10912191
mitoC2	Chr25	10903414	10923509	mitoC2	unstructured	4	Chr25	10903414	10919709
mitoC2	Chr25	12136305	12149003	mitoC2	structured	2	Chr25	12136573	12152438
mitoC2	Chr25	13051801	13084546	mitoC2	structured	7	Chr25	13029966	13102419
mitoC2	Chr26	1599550	5850246	continuous	structured	2	Chr26	1622631	2276747
mitoC2	Chr26	1599550	5850246	continuous	structured	2	Chr26	3399857	4205172
mitoC2	Chr26	1599550	5850246	continuous	structured	4	Chr26	5089600	5716879
mitoC2	Chr26	1599550	5850246	continuous	structured	4	Chr26	4797857	5003006
mitoC2	Chr26	1599550	5850246	mitoC2	structured	2	Chr26	1599550	2421060
mitoC2	Chr26	1599550	5850246	mitoC2	structured	2	Chr26	3621480	4072445
mitoC2	Chr26	1599550	5850246	mitoC2	structured	2	Chr26	3547141	4073401
mitoC2	Chr26	1599550	5850246	mitoC2	structured	2	Chr26	3434866	3509820
mitoC2	Chr26	1599550	5850246	mitoC2	structured	3	Chr26	1546588	7026295
mitoC2	Chr26	1599550	5850246	mitoC2	structured	4	Chr26	4797974	4953449
mitoC2	Chr26	1599550	5850246	mitoC2	structured	5	Chr26	1588145	5063372
mitoC2	Chr26	1599550	5850246	mitoC2	structured	8	Chr26	1443368	1655375
mitoC2	Chr26	1599550	5850246	mitoC2	structured	8	Chr26	3250897	3417719
mitoC2	Chr26	1599550	5850246	mitoC2	structured	9	Chr26	5492555	5809985
mitoC2	Chr26	1599550	5850246	mitoC2	structured	10	Chr26	4450422	4501731
mitoC2	Chr26	1599550	5850246	continuous	unstructured	1	Chr26	5164432	5811536
mitoC2	Chr26	1599550	5850246	continuous	unstructured	9	Chr26	1627291	2163680
mitoC2	Chr26	1599550	5850246	continuous	unstructured	9	Chr26	3652740	4029061
mitoC2	Chr26	1599550	5850246	continuous	unstructured	9	Chr26	4320601	4370237
mitoC2	Chr26	1599550	5850246	continuous	unstructured	9	Chr26	4056780	4072445
mitoC2	Chr26	1599550	5850246	mitoC2	unstructured	1	Chr26	4941628	6903302
mitoC2	Chr26	1599550	5850246	mitoC2	unstructured	3	Chr26	4462479	4732177
mitoC2	Chr26	1599550	5850246	mitoC2	unstructured	3	Chr26	4343528	4460539
mitoC2	Chr26	1599550	5850246	mitoC2	unstructured	7	Chr26	4737394	4951035
mitoC2	Chr26	1599550	5850246	mitoC2	unstructured	9	Chr26	5163708	5886141
mitoC2	Chr26	1599550	5850246	mitoC2	unstructured	9	Chr26	4462479	4820040
mitoC2	Chr26	1599550	5850246	mitoC2	unstructured	9	Chr26	4320601	4460343
mitoC2	Chr26	7088200	7205886	mitoC2	unstructured	5	Chr26	6944442	7109540
mitoC2	Chr26	7088200	7205886	mitoC2	unstructured	9	Chr26	7187657	7266665
mitoC2	Chr26	8917904	8936177	mitoC2	unstructured	8	Chr26	8917253	8942550
mitoC2	Chr27	3317595	3327702	mitoC2	unstructured	8	Chr27	3318052	3325050
mitoC2	Chr3	10848152	10878315	continuous	unstructured	6	Chr3	10848142	10854165
mitoC2	Chr3	10848152	10878315	mitoC2	unstructured	6	Chr3	10848152	10860407
mitoC2	Chr3	3788615	3823111	mitoC2	structured	8	Chr3	3770655	3916534
mitoC2	Chr3	3788615	3823111	mitoC2	structured	10	Chr3	3774682	3848139
mitoC2	Chr3	3788615	3823111	mitoC2	unstructured	3	Chr3	3771684	3789961
mitoC2	Chr3	3788615	3823111	mitoC2	unstructured	5	Chr3	3788615	3840982
mitoC2	Chr3	3788615	3823111	mitoC2	unstructured	10	Chr3	3783696	3839749
mitoC2	Chr3	6280692	6349773	mitoC2	structured	3	Chr3	6186331	6532517
mitoC2	Chr3	6280692	6349773	mitoC2	structured	5	Chr3	6185726	6684850
mitoC2	Chr3	6280692	6349773	mitoC2	structured	8	Chr3	6279300	6339891
mitoC2	Chr3	6280692	6349773	mitoC2	structured	10	Chr3	6289722	6326595
mitoC2	Chr3	6280692	6349773	mitoC2	unstructured	7	Chr3	6315806	6457693
mitoC2	Chr3	365903	378645	mitoC2	structured	9	Chr3	360551	374182
mitoC2	Chr3	13990058	13995498	mitoC2	unstructured	5	Chr3	13994543	14004052
mitoC2	Chr4	1037123	4051469	mitoC2	unstructured	5	Chr4	334803	3801473
mitoC2	Chr4	1037123	4051469	mitoC2	unstructured	5	Chr4	3995848	4178693
mitoC2	Chr4	5006346	5115419	mitoC2	structured	2	Chr4	4988573	5058842
mitoC2	Chr4	5006346	5115419	mitoC2	structured	3	Chr4	4970188	5057032
mitoC2	Chr4	16087379	16110827	mitoC2	structured	2	Chr4	16055839	16089873
mitoC2	Chr4	16087379	16110827	mitoC2	structured	10	Chr4	16055839	16096162
mitoC2	Chr4	16087379	16110827	mitoC2	unstructured	9	Chr4	16098564	16238206
mitoC2	Chr4	4087298	4161574	mitoC2	unstructured	5	Chr4	3995848	4178693
mitoC2	Chr5	5327011	5507949	mitoC2	structured	1	Chr5	5332598	5508259
mitoC2	Chr5	5327011	5507949	mitoC2	structured	5	Chr5	5332977	5511162
mitoC2	Chr5	10539261	10543906	mitoC2	structured	1	Chr5	10539095	10540093
mitoC2	Chr7	10186389	10195350	mitoC2	unstructured	7	Chr7	10185936	10194813
mitoC2	Chr7	10672412	10722786	mitoC2	structured	6	Chr7	10671814	10727275
mitoC2	Chr7	10672412	10722786	mitoC2	unstructured	7	Chr7	10688528	10722121
mitoC2	Chr7	8354995	8357318	mitoC2	unstructured	7	Chr7	8354995	8359936
mitoC2	Chr7	8199818	8204365	mitoC2	structured	3	Chr7	8199473	8207946
mitoC2	Chr7	7176224	7214165	mitoC2	unstructured	8	Chr7	7144171	7177136
mitoC2	Chr8	6549774	6665080	mitoC2	structured	2	Chr8	6257721	6713050
mitoC2	Chr8	6549774	6665080	mitoC2	structured	3	Chr8	861273	7861386
mitoC2	Chr8	6549774	6665080	mitoC2	structured	5	Chr8	6498299	6714483
mitoC2	Chr8	6549774	6665080	mitoC2	structured	9	Chr8	6257721	6865186
mitoC2	Chr8	10902808	10915079	mitoC2	structured	5	Chr8	10903979	10915879
mitoC2	Chr9	7148194	7200874	mitoC2	structured	4	Chr9	7102920	7169123
mitoC2	Chr9	7148194	7200874	mitoC2	structured	6	Chr9	7158971	7164568
mitoC2	Chr9	7148194	7200874	mitoC2	structured	8	Chr9	7104522	7194921
mitoC2	Chr9	7148194	7200874	mitoC2	structured	9	Chr9	7102824	7165687
mitoC2	Chr9	7148194	7200874	mitoC2	structured	10	Chr9	7158419	7199957
mitoC2	Chr9	7148194	7200874	mitoC2	unstructured	4	Chr9	7168080	7185909
mitoC2	Chr9	2588656	2633740	mitoC2	structured	5	Chr9	2588656	2632994
mitoC2	Chr9	2588656	2633740	mitoC2	structured	6	Chr9	2588656	2621067
mitoC2	Chr9	2588656	2633740	mitoC2	unstructured	4	Chr9	2620438	2631161
mitoC2	Chr9	2588656	2633740	mitoC2	unstructured	6	Chr9	2588656	2649165
mitoC2	Chr9	2588656	2633740	mitoC2	unstructured	8	Chr9	2587651	2642130
mitoC2	Chr9	9051866	9076311	mitoC2	unstructured	3	Chr9	9051159	9070661
