setting	cycle	n_runs	fst_DI25	fst_neutral	pct_fixed_DI25	pct_fixed_neutral	excess_ld_DI25	excess_ld_neutral	rec_scale
K12k_N100	60	6	0.0231745090426667	0.04061336978184	0.236660929432014	0.301204819277108	0.493344910981078	0.0264893783084718	1
K12k_N100	125	6	0.024973345523335	0.0329058022609106	0.181679097341748	0.317938420348059	0.45973404295387	0.0345052903747687	1
K12k_N100	250	6	0.0329495245455877	0.0469643402222762	0.24861350162555	0.426706827309237	0.420449082224561	0.0260582084298367	1
K12k_N100	500	6	0.0371904669373383	0.0511949398418872	0.279690189328744	0.502008032128514	0.358440967386433	0.024165635698293	1
K12k_N100	1000	6	0.0555659159358741	0.0679529340542699	0.509179575444636	0.761378848728246	0.2693033668066	0.0198284403610774	1
K12k_N1000	60	6	0.00265587593296719	0.00764615794106609	0.0836680053547523	0.158969210174029	0.490042393196615	0.0238870564175353	1
K12k_N1000	125	6	0.00494439262650931	0.00956437113474263	0.0884490342321668	0.108768406961178	0.464428954229803	0.0206631450606287	1
K12k_N1000	250	6	0.0112574336857173	0.0152457990795481	0.112354178619239	0.225903614457831	0.422116134971677	0.0286285299295414	1
K12k_N1000	500	6	0.0172486333979548	0.0223099836256356	0.152992924077261	0.167336010709505	0.352040191322294	0.018261189113823	1
K12k_N1000	1000	6	0.0354038437759627	0.0386026532931505	0.243832472748135	0.359772423025435	0.268805364275377	0.0206327534446434	1
K6k_N100	60	6	0.0292100176647735	0.0452072896680519	0.227098871677185	0.502008032128514	0.490925354967448	0.0311840220063214	1
K6k_N100	125	6	0.032289255159028	0.0473507141549059	0.191241155096577	0.418340026773762	0.461586383576235	0.0277817141256429	1
K6k_N100	250	6	0.0440220963674173	0.0486445362817923	0.346624593612545	0.493641231593039	0.425942105962519	0.0234076021038992	1
K6k_N100	500	6	0.0554409274319388	0.0800994649515678	0.458978772231784	1.03748326639893	0.352945933370318	0.020210203963719	1
K6k_N100	1000	6	0.0862953669212509	0.101042002079698	0.929910116657105	1.63989290495315	0.27646084126603	0.0186836363644262	1
K6k_N1000	60	6	0.00764647742358947	0.00679154105917742	0.090839548670874	0.150602409638554	0.493098309137605	0.0367995155137249	1
K6k_N1000	125	6	0.00894423240568886	0.0110079905004422	0.0932300631095812	0.100401606425703	0.463313736905927	0.0328414569962074	1
K6k_N1000	250	6	0.0214165262872823	0.0219198514270662	0.133868808567604	0.259370816599732	0.413156304525008	0.0280807668444354	1
K6k_N1000	500	6	0.0308356926621749	0.0361274939447695	0.217536813922356	0.435073627844712	0.360415372026231	0.0237676078646116	1
K6k_N1000	1000	6	0.0687477687819298	0.0734573360170437	0.671734557276726	1.06258366800535	0.272648788202074	0.0221375866314508	1
K6k_N1000_R10	60	6	0.00907616360543599	0.0136993619755979	0.090839548670874	0.184069611780455	0.314429897557919	0.018020248242815	10
K6k_N1000_R10	125	6	0.010811870511169	0.0134359953932566	0.10279212086441	0.133868808567604	0.236463069910652	0.0151439633815571	10
K6k_N1000_R10	250	6	0.0193160719043207	0.0227294680292071	0.126697265251482	0.150602409638554	0.148949600276477	0.00787526267063104	10
K6k_N1000_R10	500	6	0.035870553207629	0.0367958438933366	0.212755785044942	0.343038821954485	0.0767335165819198	0.0102405271380302	10
K6k_N1000_R10	1000	6	0.06660296581266	0.0673842331423234	0.542646777586537	0.778112449799197	0.0313200405834935	0.00760617880881473	10
K6k_N1000_R3	60	6	0.00759394881898026	0.0114283720250659	0.0525913176515586	0.158969210174029	0.433262249873302	0.0186812281266401	3
K6k_N1000_R3	125	6	0.0105588834627266	0.0127151164261611	0.0693249187225091	0.125502008032129	0.374383329225552	0.0182400142566125	3
K6k_N1000_R3	250	6	0.0211837521248685	0.0248235287295088	0.124306750812775	0.267737617135208	0.306553133589676	0.0162888139498145	3
K6k_N1000_R3	500	6	0.0352794156266708	0.0399631255364525	0.212755785044942	0.435073627844712	0.2152920567194	0.0138697636326287	3
K6k_N1000_R3	1000	6	0.0659357561988736	0.0729164678504812	0.552208835341365	0.761378848728246	0.130260742281139	0.0113097821115359	3
empirical			0.260312453062957	0.0305444614345613	17.5694353892294	2.259242355089	0.0847063421816982	0.0030227666664261	1
